date,symbol,name,open,high,low,close,volume,amount
2025-01-01,600519,贵州茅台,1492.464,1531.581,1483.437,1504.5,800000,120360000000.0
2025-01-02,600519,贵州茅台,1496.941,1536.176,1487.887,1509.013,800000,120721080000.0
2025-01-03,600519,贵州茅台,1501.432,1540.784,1492.351,1513.541,800000,121083243240.0
2025-01-04,600519,贵州茅台,1505.937,1545.407,1496.828,1518.081,800000,121446492969.72
2025-01-05,600519,贵州茅台,1510.454,1550.043,1501.319,1522.635,800000,121810832448.63
2025-01-06,600519,贵州茅台,1514.986,1554.693,1505.822,1527.203,800000,122176264945.97
2025-01-07,600519,贵州茅台,1519.531,1559.357,1510.34,1531.785,800000,122542793740.81
2025-01-08,600519,贵州茅台,1524.089,1564.035,1514.871,1536.38,800000,122910422122.04
2025-01-09,600519,贵州茅台,1528.662,1568.727,1519.416,1540.989,800000,123279153388.4
2025-01-10,600519,贵州茅台,1533.247,1573.433,1523.974,1545.612,800000,123648990848.57
2025-01-11,600519,贵州茅台,1537.847,1578.154,1528.546,1550.249,800000,124019937821.11
2025-01-12,600519,贵州茅台,1542.461,1582.888,1533.131,1554.9,800000,124391997634.58
2025-01-13,600519,贵州茅台,1547.088,1587.637,1537.731,1559.565,800000,124765173627.48
2025-01-14,600519,贵州茅台,1551.729,1592.4,1542.344,1564.243,800000,125139469148.36
2025-01-15,600519,贵州茅台,1556.385,1597.177,1546.971,1568.936,800000,125514887555.81
2025-01-16,600519,贵州茅台,1561.054,1601.968,1551.612,1573.643,800000,125891432218.47
2025-01-17,600519,贵州茅台,1565.737,1606.774,1556.267,1578.364,800000,126269106515.13
2025-01-18,600519,贵州茅台,1570.434,1611.595,1560.936,1583.099,800000,126647913834.67
2025-01-19,600519,贵州茅台,1575.145,1616.429,1565.618,1587.848,800000,127027857576.18
2025-01-20,600519,贵州茅台,1579.871,1621.279,1570.315,1592.612,800000,127408941148.91
2025-01-21,600519,贵州茅台,1584.61,1626.143,1575.026,1597.39,800000,127791167972.35
2025-01-22,600519,贵州茅台,1589.364,1631.021,1579.751,1602.182,800000,128174541476.27
2025-01-23,600519,贵州茅台,1594.132,1635.914,1584.49,1606.988,800000,128559065100.7
2025-01-24,600519,贵州茅台,1598.915,1640.822,1589.244,1611.809,800000,128944742296.0
2025-01-25,600519,贵州茅台,1603.712,1645.744,1594.012,1616.645,800000,129331576522.89
2025-01-26,600519,贵州茅台,1608.523,1650.682,1598.794,1621.495,800000,129719571252.46
2025-01-27,600519,贵州茅台,1613.348,1655.634,1603.59,1626.359,800000,130108729966.22
2025-01-28,600519,贵州茅台,1618.188,1660.6,1608.401,1631.238,800000,130499056156.11
2025-01-29,600519,贵州茅台,1623.043,1665.582,1613.226,1636.132,800000,130890553324.58
2025-01-30,600519,贵州茅台,1627.912,1670.579,1618.066,1641.04,800000,131283224984.56
2025-01-31,600519,贵州茅台,1632.796,1675.591,1622.92,1645.963,800000,131677074659.51
2025-02-01,600519,贵州茅台,1637.694,1680.618,1627.789,1650.901,800000,132072105883.49
2025-02-02,600519,贵州茅台,1642.607,1685.659,1632.672,1655.854,800000,132468322201.14
2025-02-03,600519,贵州茅台,1647.535,1690.716,1637.57,1660.822,800000,132865727167.74
2025-02-04,600519,贵州茅台,1652.478,1695.789,1642.483,1665.804,800000,133264324349.25
2025-02-05,600519,贵州茅台,1657.435,1700.876,1647.41,1670.801,800000,133664117322.29
2025-02-06,600519,贵州茅台,1662.407,1705.979,1652.352,1675.814,800000,134065109674.26
2025-02-07,600519,贵州茅台,1667.395,1711.096,1657.31,1680.841,800000,134467305003.28
2025-02-08,600519,贵州茅台,1672.397,1716.23,1662.281,1685.884,800000,134870706918.29
2025-02-09,600519,贵州茅台,1677.414,1721.378,1667.268,1690.941,800000,135275319039.05
2025-02-10,600519,贵州茅台,1682.446,1726.543,1672.27,1696.014,800000,135681144996.17
2025-02-11,600519,贵州茅台,1687.494,1731.722,1677.287,1701.102,800000,136088188431.15
2025-02-12,600519,贵州茅台,1692.556,1736.917,1682.319,1706.206,800000,136496452996.45
2025-02-13,600519,贵州茅台,1697.634,1742.128,1687.366,1711.324,800000,136905942355.44
2025-02-14,600519,贵州茅台,1702.727,1747.355,1692.428,1716.458,800000,137316660182.5
2025-02-15,600519,贵州茅台,1707.835,1752.597,1697.505,1721.608,800000,137728610163.05
2025-02-16,600519,贵州茅台,1712.958,1757.854,1702.598,1726.772,800000,138141795993.54
2025-02-17,600519,贵州茅台,1718.097,1763.128,1707.705,1731.953,800000,138556221381.52
2025-02-18,600519,贵州茅台,1723.251,1768.417,1712.829,1737.149,800000,138971890045.66
2025-02-19,600519,贵州茅台,1728.421,1773.723,1717.967,1742.36,800000,139388805715.8
2025-02-20,600519,贵州茅台,1733.606,1779.044,1723.121,1747.587,800000,139806972132.95
2025-02-21,600519,贵州茅台,1738.807,1784.381,1728.29,1752.83,800000,140226393049.35
2025-02-22,600519,贵州茅台,1744.024,1789.734,1733.475,1758.088,800000,140647072228.5
2025-02-23,600519,贵州茅台,1749.256,1795.103,1738.676,1763.363,800000,141069013445.18
2025-02-24,600519,贵州茅台,1754.504,1800.489,1743.892,1768.653,800000,141492220485.52
2025-02-25,600519,贵州茅台,1759.767,1805.89,1749.123,1773.959,800000,141916697146.97
2025-02-26,600519,贵州茅台,1765.046,1811.308,1754.371,1779.281,800000,142342447238.41
2025-02-27,600519,贵州茅台,1770.341,1816.742,1759.634,1784.618,800000,142769474580.13
2025-02-28,600519,贵州茅台,1775.653,1822.192,1764.913,1789.972,800000,143197783003.87
2025-03-01,600519,贵州茅台,1780.979,1827.658,1770.207,1795.342,800000,143627376352.88
2025-03-02,600519,贵州茅台,1786.322,1833.141,1775.518,1800.728,800000,144058258481.94
2025-03-03,600519,贵州茅台,1791.681,1838.641,1780.845,1806.13,800000,144490433257.39
2025-03-04,600519,贵州茅台,1797.056,1844.157,1786.187,1811.549,800000,144923904557.16
2025-03-05,600519,贵州茅台,1802.448,1849.689,1791.546,1816.983,800000,145358676270.83
2025-03-06,600519,贵州茅台,1807.855,1855.238,1796.92,1822.434,800000,145794752299.64
2025-03-07,600519,贵州茅台,1813.278,1860.804,1802.311,1827.902,800000,146232136556.54
2025-03-08,600519,贵州茅台,1818.718,1866.386,1807.718,1833.385,800000,146670832966.21
2025-03-09,600519,贵州茅台,1824.174,1871.986,1813.141,1838.886,800000,147110845465.11
2025-03-10,600519,贵州茅台,1829.647,1877.601,1818.581,1844.402,800000,147552178001.5
2025-03-11,600519,贵州茅台,1835.136,1883.234,1824.036,1849.935,800000,147994834535.51
2025-03-12,600519,贵州茅台,1840.641,1888.884,1829.508,1855.485,800000,148438819039.12
2025-03-13,600519,贵州茅台,1846.163,1894.551,1834.997,1861.052,800000,148884135496.23
2025-03-14,600519,贵州茅台,1851.702,1900.234,1840.502,1866.635,800000,149330787902.72
2025-03-15,600519,贵州茅台,1857.257,1905.935,1846.023,1872.235,800000,149778780266.43
2025-03-16,600519,贵州茅台,1862.829,1911.653,1851.562,1877.851,800000,150228116607.23
2025-03-17,600519,贵州茅台,1868.417,1917.388,1857.116,1883.485,800000,150678800957.05
2025-03-18,600519,贵州茅台,1874.022,1923.14,1862.688,1889.135,800000,151130837359.92
2025-03-19,600519,贵州茅台,1879.644,1928.909,1868.276,1894.803,800000,151584229872.0
2025-03-20,600519,贵州茅台,1885.283,1934.696,1873.88,1900.487,800000,152038982561.62
2025-03-21,600519,贵州茅台,1890.939,1940.5,1879.502,1906.189,800000,152495099509.3
2025-03-22,600519,贵州茅台,1896.612,1946.322,1885.141,1911.907,800000,152952584807.83
2025-03-23,600519,贵州茅台,1902.302,1952.161,1890.796,1917.643,800000,153411442562.25
2025-03-24,600519,贵州茅台,1908.009,1958.017,1896.468,1923.396,800000,153871676889.94
2025-03-25,600519,贵州茅台,1913.733,1963.891,1902.158,1929.166,800000,154333291920.61
2025-03-26,600519,贵州茅台,1919.474,1969.783,1907.864,1934.954,800000,154796291796.37
2025-03-27,600519,贵州茅台,1925.232,1975.692,1913.588,1940.759,800000,155260680671.76
2025-03-28,600519,贵州茅台,1931.008,1981.619,1919.329,1946.581,800000,155726462713.78
2025-03-29,600519,贵州茅台,1936.801,1987.564,1925.087,1952.421,800000,156193642101.92
2025-03-30,600519,贵州茅台,1942.612,1993.527,1930.862,1958.278,800000,156662223028.22
2025-03-31,600519,贵州茅台,1948.439,1999.507,1936.654,1964.153,800000,157132209697.31
2025-04-01,600519,贵州茅台,1954.285,2005.506,1942.464,1970.045,800000,157603606326.4
2025-04-02,600519,贵州茅台,1960.148,2011.522,1948.292,1975.955,800000,158076417145.38
2025-04-03,600519,贵州茅台,1966.028,2017.557,1954.137,1981.883,800000,158550646396.82
2025-04-04,600519,贵州茅台,1971.926,2023.61,1959.999,1987.829,800000,159026298336.01
2025-04-05,600519,贵州茅台,1977.842,2029.68,1965.879,1993.792,800000,159503377231.01
2025-04-06,600519,贵州茅台,1983.775,2035.77,1971.777,1999.774,800000,159981887362.71
2025-04-07,600519,贵州茅台,1989.727,2041.877,1977.692,2005.773,800000,160461833024.79
2025-04-08,600519,贵州茅台,1995.696,2048.002,1983.625,2011.79,800000,160943218523.87
2025-04-09,600519,贵州茅台,2001.683,2054.146,1989.576,2017.826,800000,161426048179.44
2025-04-10,600519,贵州茅台,2007.688,2060.309,1995.545,2023.879,800000,161910326323.98
2025-04-11,600519,贵州茅台,2013.711,2066.49,2001.531,2029.951,800000,162396057302.95
2025-04-12,600519,贵州茅台,2019.752,2072.689,2007.536,2036.041,800000,162883245474.86
2025-04-13,600519,贵州茅台,2025.812,2078.907,2013.559,2042.149,800000,163371895211.28
2025-04-14,600519,贵州茅台,2031.889,2085.144,2019.599,2048.275,800000,163862010896.92
2025-04-15,600519,贵州茅台,2037.985,2091.4,2025.658,2054.42,800000,164353596929.61
2025-04-16,600519,贵州茅台,2044.099,2097.674,2031.735,2060.583,800000,164846657720.4
2025-04-17,600519,贵州茅台,2050.231,2103.967,2037.83,2066.765,800000,165341197693.56
2025-04-18,600519,贵州茅台,2056.382,2110.279,2043.944,2072.965,800000,165837221286.64
2025-04-19,600519,贵州茅台,2062.551,2116.609,2050.076,2079.184,800000,166334732950.5
2025-04-20,600519,贵州茅台,2068.738,2122.959,2056.226,2085.422,800000,166833737149.35
2025-04-21,600519,贵州茅台,2074.945,2129.328,2062.394,2091.678,800000,167334238360.8
2025-04-22,600519,贵州茅台,2081.169,2135.716,2068.582,2097.953,800000,167836241075.88
2025-04-23,600519,贵州茅台,2087.413,2142.123,2074.787,2104.247,800000,168339749799.11
2025-04-24,600519,贵州茅台,2093.675,2148.55,2081.012,2110.56,800000,168844769048.51
2025-04-25,600519,贵州茅台,2099.956,2154.995,2087.255,2116.891,800000,169351303355.65
2025-04-26,600519,贵州茅台,2106.256,2161.46,2093.517,2123.242,800000,169859357265.72
2025-04-27,600519,贵州茅台,2112.575,2167.945,2099.797,2129.612,800000,170368935337.52
2025-04-28,600519,贵州茅台,2118.913,2174.449,2106.097,2136.001,800000,170880042143.53
2025-04-29,600519,贵州茅台,2125.269,2180.972,2112.415,2142.409,800000,171392682269.96
2025-04-30,600519,贵州茅台,2131.645,2187.515,2118.752,2148.836,800000,171906860316.77
2025-05-01,600519,贵州茅台,2138.04,2194.077,2125.108,2155.282,800000,172422580897.72
2025-05-02,600519,贵州茅台,2144.454,2200.66,2131.484,2161.748,800000,172939848640.41
2025-05-03,600519,贵州茅台,2150.887,2207.262,2137.878,2168.233,800000,173458668186.33
2025-05-04,600519,贵州茅台,2157.34,2213.883,2144.292,2174.738,800000,173979044190.89
2025-05-05,600519,贵州茅台,2163.812,2220.525,2150.725,2181.262,800000,174500981323.47
2025-05-06,600519,贵州茅台,2170.304,2227.187,2157.177,2187.806,800000,175024484267.44
2025-05-07,600519,贵州茅台,2176.815,2233.868,2163.648,2194.369,800000,175549557720.24
2025-05-08,600519,贵州茅台,2183.345,2240.57,2170.139,2200.953,800000,176076206393.4
2025-05-09,600519,贵州茅台,2189.895,2247.291,2176.65,2207.555,800000,176604435012.58
2025-05-10,600519,贵州茅台,2196.465,2254.033,2183.18,2214.178,800000,177134248317.62
2025-05-11,600519,贵州茅台,2203.054,2260.795,2189.729,2220.821,800000,177665651062.57
2025-05-12,600519,贵州茅台,2209.663,2267.578,2196.298,2227.483,800000,178198648015.76
2025-05-13,600519,贵州茅台,2216.292,2274.381,2202.887,2234.166,800000,178733243959.8
2025-05-14,600519,贵州茅台,2222.941,2281.204,2209.496,2240.868,800000,179269443691.68
2025-05-15,600519,贵州茅台,2229.61,2288.047,2216.124,2247.591,800000,179807252022.76
2025-05-16,600519,贵州茅台,2236.299,2294.911,2222.773,2254.333,800000,180346673778.83
2025-05-17,600519,贵州茅台,2243.008,2301.796,2229.441,2261.096,800000,180887713800.16
2025-05-18,600519,贵州茅台,2249.737,2308.702,2236.129,2267.88,800000,181430376941.56
2025-05-19,600519,贵州茅台,2256.486,2315.628,2242.838,2274.683,800000,181974668072.39
2025-05-20,600519,贵州茅台,2297.204,2357.413,2283.31,2315.73,1160000,268624681388.74
2025-01-01,300750,宁德时代,19.88,20.401,19.759,20.04,800000,1603200000.0
2025-01-02,300750,宁德时代,19.919,20.442,19.799,20.08,800000,1606406400.0
2025-01-03,300750,宁德时代,19.959,20.482,19.839,20.12,800000,1609619212.8
2025-01-04,300750,宁德时代,19.999,20.523,19.878,20.16,800000,1612838451.23
2025-01-05,300750,宁德时代,20.039,20.564,19.918,20.201,800000,1616064128.13
2025-01-06,300750,宁德时代,20.079,20.606,19.958,20.241,800000,1619296256.38
2025-01-07,300750,宁德时代,20.119,20.647,19.998,20.282,800000,1622534848.9
2025-01-08,300750,宁德时代,20.16,20.688,20.038,20.322,800000,1625779918.59
2025-01-09,300750,宁德时代,20.2,20.729,20.078,20.363,800000,1629031478.43
2025-01-10,300750,宁德时代,20.24,20.771,20.118,20.404,800000,1632289541.39
2025-01-11,300750,宁德时代,20.281,20.812,20.158,20.444,800000,1635554120.47
2025-01-12,300750,宁德时代,20.321,20.854,20.199,20.485,800000,1638825228.71
2025-01-13,300750,宁德时代,20.362,20.896,20.239,20.526,800000,1642102879.17
2025-01-14,300750,宁德时代,20.403,20.938,20.279,20.567,800000,1645387084.93
2025-01-15,300750,宁德时代,20.444,20.979,20.32,20.608,800000,1648677859.1
2025-01-16,300750,宁德时代,20.484,21.021,20.361,20.65,800000,1651975214.82
2025-01-17,300750,宁德时代,20.525,21.063,20.401,20.691,800000,1655279165.25
2025-01-18,300750,宁德时代,20.567,21.106,20.442,20.732,800000,1658589723.58
2025-01-19,300750,宁德时代,20.608,21.148,20.483,20.774,800000,1661906903.02
2025-01-20,300750,宁德时代,20.649,21.19,20.524,20.815,800000,1665230716.83
2025-01-21,300750,宁德时代,20.69,21.232,20.565,20.857,800000,1668561178.26
2025-01-22,300750,宁德时代,20.732,21.275,20.606,20.899,800000,1671898300.62
2025-01-23,300750,宁德时代,20.773,21.317,20.647,20.941,800000,1675242097.22
2025-01-24,300750,宁德时代,20.815,21.36,20.689,20.982,800000,1678592581.42
2025-01-25,300750,宁德时代,20.856,21.403,20.73,21.024,800000,1681949766.58
2025-01-26,300750,宁德时代,20.898,21.446,20.771,21.066,800000,1685313666.11
2025-01-27,300750,宁德时代,20.94,21.489,20.813,21.109,800000,1688684293.44
2025-01-28,300750,宁德时代,20.982,21.531,20.855,21.151,800000,1692061662.03
2025-01-29,300750,宁德时代,21.024,21.575,20.896,21.193,800000,1695445785.35
2025-01-30,300750,宁德时代,21.066,21.618,20.938,21.235,800000,1698836676.93
2025-01-31,300750,宁德时代,21.108,21.661,20.98,21.278,800000,1702234350.28
2025-02-01,300750,宁德时代,21.15,21.704,21.022,21.32,800000,1705638818.98
2025-02-02,300750,宁德时代,21.192,21.748,21.064,21.363,800000,1709050096.62
2025-02-03,300750,宁德时代,21.235,21.791,21.106,21.406,800000,1712468196.81
2025-02-04,300750,宁德时代,21.277,21.835,21.148,21.449,800000,1715893133.2
2025-02-05,300750,宁德时代,21.32,21.878,21.191,21.492,800000,1719324919.47
2025-02-06,300750,宁德时代,21.362,21.922,21.233,21.535,800000,1722763569.31
2025-02-07,300750,宁德时代,21.405,21.966,21.276,21.578,800000,1726209096.45
2025-02-08,300750,宁德时代,21.448,22.01,21.318,21.621,800000,1729661514.64
2025-02-09,300750,宁德时代,21.491,22.054,21.361,21.664,800000,1733120837.67
2025-02-10,300750,宁德时代,21.534,22.098,21.403,21.707,800000,1736587079.35
2025-02-11,300750,宁德时代,21.577,22.142,21.446,21.751,800000,1740060253.5
2025-02-12,300750,宁德时代,21.62,22.187,21.489,21.794,800000,1743540374.01
2025-02-13,300750,宁德时代,21.663,22.231,21.532,21.838,800000,1747027454.76
2025-02-14,300750,宁德时代,21.706,22.275,21.575,21.882,800000,1750521509.67
2025-02-15,300750,宁德时代,21.75,22.32,21.618,21.925,800000,1754022552.69
2025-02-16,300750,宁德时代,21.793,22.365,21.662,21.969,800000,1757530597.79
2025-02-17,300750,宁德时代,21.837,22.409,21.705,22.013,800000,1761045658.99
2025-02-18,300750,宁德时代,21.881,22.454,21.748,22.057,800000,1764567750.31
2025-02-19,300750,宁德时代,21.924,22.499,21.792,22.101,800000,1768096885.81
2025-02-20,300750,宁德时代,21.968,22.544,21.835,22.145,800000,1771633079.58
2025-02-21,300750,宁德时代,22.012,22.589,21.879,22.19,800000,1775176345.74
2025-02-22,300750,宁德时代,22.056,22.634,21.923,22.234,800000,1778726698.43
2025-02-23,300750,宁德时代,22.1,22.68,21.967,22.279,800000,1782284151.83
2025-02-24,300750,宁德时代,22.145,22.725,22.011,22.323,800000,1785848720.13
2025-02-25,300750,宁德时代,22.189,22.77,22.055,22.368,800000,1789420417.57
2025-02-26,300750,宁德时代,22.233,22.816,22.099,22.412,800000,1792999258.41
2025-02-27,300750,宁德时代,22.278,22.862,22.143,22.457,800000,1796585256.92
2025-02-28,300750,宁德时代,22.322,22.907,22.187,22.502,800000,1800178427.44
2025-03-01,300750,宁德时代,22.367,22.953,22.232,22.547,800000,1803778784.29
2025-03-02,300750,宁德时代,22.412,22.999,22.276,22.592,800000,1807386341.86
2025-03-03,300750,宁德时代,22.456,23.045,22.321,22.638,800000,1811001114.54
2025-03-04,300750,宁德时代,22.501,23.091,22.365,22.683,800000,1814623116.77
2025-03-05,300750,宁德时代,22.546,23.137,22.41,22.728,800000,1818252363.01
2025-03-06,300750,宁德时代,22.591,23.184,22.455,22.774,800000,1821888867.73
2025-03-07,300750,宁德时代,22.637,23.23,22.5,22.819,800000,1825532645.47
2025-03-08,300750,宁德时代,22.682,23.276,22.545,22.865,800000,1829183710.76
2025-03-09,300750,宁德时代,22.727,23.323,22.59,22.911,800000,1832842078.18
2025-03-10,300750,宁德时代,22.773,23.37,22.635,22.956,800000,1836507762.34
2025-03-11,300750,宁德时代,22.818,23.416,22.68,23.002,800000,1840180777.86
2025-03-12,300750,宁德时代,22.864,23.463,22.726,23.048,800000,1843861139.42
2025-03-13,300750,宁德时代,22.91,23.51,22.771,23.094,800000,1847548861.7
2025-03-14,300750,宁德时代,22.955,23.557,22.817,23.141,800000,1851243959.42
2025-03-15,300750,宁德时代,23.001,23.604,22.862,23.187,800000,1854946447.34
2025-03-16,300750,宁德时代,23.047,23.651,22.908,23.233,800000,1858656340.23
2025-03-17,300750,宁德时代,23.093,23.699,22.954,23.28,800000,1862373652.91
2025-03-18,300750,宁德时代,23.14,23.746,23.0,23.326,800000,1866098400.22
2025-03-19,300750,宁德时代,23.186,23.794,23.046,23.373,800000,1869830597.02
2025-03-20,300750,宁德时代,23.232,23.841,23.092,23.42,800000,1873570258.21
2025-03-21,300750,宁德时代,23.279,23.889,23.138,23.466,800000,1877317398.73
2025-03-22,300750,宁德时代,23.325,23.937,23.184,23.513,800000,1881072033.53
2025-03-23,300750,宁德时代,23.372,23.985,23.231,23.56,800000,1884834177.6
2025-03-24,300750,宁德时代,23.419,24.032,23.277,23.608,800000,1888603845.95
2025-03-25,300750,宁德时代,23.466,24.081,23.324,23.655,800000,1892381053.64
2025-03-26,300750,宁德时代,23.512,24.129,23.37,23.702,800000,1896165815.75
2025-03-27,300750,宁德时代,23.559,24.177,23.417,23.749,800000,1899958147.38
2025-03-28,300750,宁德时代,23.607,24.225,23.464,23.797,800000,1903758063.68
2025-03-29,300750,宁德时代,23.654,24.274,23.511,23.845,800000,1907565579.8
2025-03-30,300750,宁德时代,23.701,24.322,23.558,23.892,800000,1911380710.96
2025-03-31,300750,宁德时代,23.749,24.371,23.605,23.94,800000,1915203472.38
2025-04-01,300750,宁德时代,23.796,24.42,23.652,23.988,800000,1919033879.33
2025-04-02,300750,宁德时代,23.844,24.469,23.699,24.036,800000,1922871947.09
2025-04-03,300750,宁德时代,23.891,24.517,23.747,24.084,800000,1926717690.98
2025-04-04,300750,宁德时代,23.939,24.567,23.794,24.132,800000,1930571126.36
2025-04-05,300750,宁德时代,23.987,24.616,23.842,24.18,800000,1934432268.62
2025-04-06,300750,宁德时代,24.035,24.665,23.89,24.229,800000,1938301133.15
2025-04-07,300750,宁德时代,24.083,24.714,23.937,24.277,800000,1942177735.42
2025-04-08,300750,宁德时代,24.131,24.764,23.985,24.326,800000,1946062090.89
2025-04-09,300750,宁德时代,24.179,24.813,24.033,24.374,800000,1949954215.07
2025-04-10,300750,宁德时代,24.228,24.863,24.081,24.423,800000,1953854123.5
2025-04-11,300750,宁德时代,24.276,24.913,24.129,24.472,800000,1957761831.75
2025-04-12,300750,宁德时代,24.325,24.962,24.178,24.521,800000,1961677355.41
2025-04-13,300750,宁德时代,24.373,25.012,24.226,24.57,800000,1965600710.12
2025-04-14,300750,宁德时代,24.422,25.062,24.274,24.619,800000,1969531911.54
2025-04-15,300750,宁德时代,24.471,25.112,24.323,24.668,800000,1973470975.37
2025-04-16,300750,宁德时代,24.52,25.163,24.372,24.718,800000,1977417917.32
2025-04-17,300750,宁德时代,24.569,25.213,24.42,24.767,800000,1981372753.15
2025-04-18,300750,宁德时代,24.618,25.263,24.469,24.817,800000,1985335498.66
2025-04-19,300750,宁德时代,24.667,25.314,24.518,24.866,800000,1989306169.66
2025-04-20,300750,宁德时代,24.717,25.365,24.567,24.916,800000,1993284782.0
2025-04-21,300750,宁德时代,24.766,25.415,24.616,24.966,800000,1997271351.56
2025-04-22,300750,宁德时代,24.816,25.466,24.666,25.016,800000,2001265894.26
2025-04-23,300750,宁德时代,24.865,25.517,24.715,25.066,800000,2005268426.05
2025-04-24,300750,宁德时代,24.915,25.568,24.764,25.116,800000,2009278962.9
2025-04-25,300750,宁德时代,24.965,25.619,24.814,25.166,800000,2013297520.83
2025-04-26,300750,宁德时代,25.015,25.67,24.864,25.217,800000,2017324115.87
2025-04-27,300750,宁德时代,25.065,25.722,24.913,25.267,800000,2021358764.1
2025-04-28,300750,宁德时代,25.115,25.773,24.963,25.318,800000,2025401481.63
2025-04-29,300750,宁德时代,25.165,25.825,25.013,25.368,800000,2029452284.59
2025-04-30,300750,宁德时代,25.216,25.876,25.063,25.419,800000,2033511189.16
2025-05-01,300750,宁德时代,25.266,25.928,25.113,25.47,800000,2037578211.54
2025-05-02,300750,宁德时代,25.317,25.98,25.163,25.521,800000,2041653367.97
2025-05-03,300750,宁德时代,25.367,26.032,25.214,25.572,800000,2045736674.7
2025-05-04,300750,宁德时代,25.418,26.084,25.264,25.623,800000,2049828148.05
2025-05-05,300750,宁德时代,25.469,26.136,25.315,25.674,800000,2053927804.35
2025-05-06,300750,宁德时代,25.52,26.189,25.365,25.725,800000,2058035659.96
2025-05-07,300750,宁德时代,25.571,26.241,25.416,25.777,800000,2062151731.28
2025-05-08,300750,宁德时代,25.622,26.293,25.467,25.828,800000,2066276034.74
2025-05-09,300750,宁德时代,25.673,26.346,25.518,25.88,800000,2070408586.81
2025-05-10,300750,宁德时代,25.724,26.399,25.569,25.932,800000,2074549403.98
2025-05-11,300750,宁德时代,25.776,26.451,25.62,25.984,800000,2078698502.79
2025-05-12,300750,宁德时代,25.827,26.504,25.671,26.036,800000,2082855899.79
2025-05-13,300750,宁德时代,25.879,26.557,25.723,26.088,800000,2087021611.59
2025-05-14,300750,宁德时代,25.931,26.61,25.774,26.14,800000,2091195654.82
2025-05-15,300750,宁德时代,25.983,26.664,25.826,26.192,800000,2095378046.13
2025-05-16,300750,宁德时代,26.035,26.717,25.877,26.245,800000,2099568802.22
2025-05-17,300750,宁德时代,26.087,26.77,25.929,26.297,800000,2103767939.82
2025-05-18,300750,宁德时代,26.139,26.824,25.981,26.35,800000,2107975475.7
2025-05-19,300750,宁德时代,26.191,26.878,26.033,26.402,800000,2112191426.65
2025-05-20,300750,宁德时代,26.244,26.931,26.085,26.455,960000,2539698971.41
2025-01-01,000001,平安银行,19.82,20.34,19.7,19.98,800000,1598400000.0
2025-01-02,000001,平安银行,19.8,20.319,19.681,19.96,800000,1596801600.0
2025-01-03,000001,平安银行,19.781,20.299,19.661,19.94,800000,1595204798.4
2025-01-04,000001,平安银行,19.761,20.279,19.641,19.92,800000,1593609593.6
2025-01-05,000001,平安银行,19.741,20.258,19.622,19.9,800000,1592015984.01
2025-01-06,000001,平安银行,19.721,20.238,19.602,19.88,800000,1590423968.02
2025-01-07,000001,平安银行,19.702,20.218,19.582,19.86,800000,1588833544.06
2025-01-08,000001,平安银行,19.682,20.198,19.563,19.841,800000,1587244710.51
2025-01-09,000001,平安银行,19.662,20.177,19.543,19.821,800000,1585657465.8
2025-01-10,000001,平安银行,19.642,20.157,19.524,19.801,800000,1584071808.34
2025-01-11,000001,平安银行,19.623,20.137,19.504,19.781,800000,1582487736.53
2025-01-12,000001,平安银行,19.603,20.117,19.485,19.761,800000,1580905248.79
2025-01-13,000001,平安银行,19.584,20.097,19.465,19.742,800000,1579324343.54
2025-01-14,000001,平安银行,19.564,20.077,19.446,19.722,800000,1577745019.2
2025-01-15,000001,平安银行,19.544,20.057,19.426,19.702,800000,1576167274.18
2025-01-16,000001,平安银行,19.525,20.037,19.407,19.682,800000,1574591106.91
2025-01-17,000001,平安银行,19.505,20.017,19.387,19.663,800000,1573016515.8
2025-01-18,000001,平安银行,19.486,19.997,19.368,19.643,800000,1571443499.28
2025-01-19,000001,平安银行,19.466,19.977,19.349,19.623,800000,1569872055.78
2025-01-20,000001,平安银行,19.447,19.957,19.329,19.604,800000,1568302183.73
2025-01-21,000001,平安银行,19.428,19.937,19.31,19.584,800000,1566733881.54
2025-01-22,000001,平安银行,19.408,19.917,19.291,19.565,800000,1565167147.66
2025-01-23,000001,平安银行,19.389,19.897,19.271,19.545,800000,1563601980.51
2025-01-24,000001,平安银行,19.369,19.877,19.252,19.525,800000,1562038378.53
2025-01-25,000001,平安银行,19.35,19.857,19.233,19.506,800000,1560476340.16
2025-01-26,000001,平安银行,19.331,19.837,19.214,19.486,800000,1558915863.82
2025-01-27,000001,平安银行,19.311,19.817,19.194,19.467,800000,1557356947.95
2025-01-28,000001,平安银行,19.292,19.798,19.175,19.447,800000,1555799591.0
2025-01-29,000001,平安银行,19.273,19.778,19.156,19.428,800000,1554243791.41
2025-01-30,000001,平安银行,19.253,19.758,19.137,19.409,800000,1552689547.62
2025-01-31,000001,平安银行,19.234,19.738,19.118,19.389,800000,1551136858.07
2025-02-01,000001,平安银行,19.215,19.718,19.099,19.37,800000,1549585721.22
2025-02-02,000001,平安银行,19.196,19.699,19.08,19.35,800000,1548036135.49
2025-02-03,000001,平安银行,19.176,19.679,19.06,19.331,800000,1546488099.36
2025-02-04,000001,平安银行,19.157,19.659,19.041,19.312,800000,1544941611.26
2025-02-05,000001,平安银行,19.138,19.64,19.022,19.292,800000,1543396669.65
2025-02-06,000001,平安银行,19.119,19.62,19.003,19.273,800000,1541853272.98
2025-02-07,000001,平安银行,19.1,19.6,18.984,19.254,800000,1540311419.71
2025-02-08,000001,平安银行,19.081,19.581,18.965,19.235,800000,1538771108.29
2025-02-09,000001,平安银行,19.062,19.561,18.946,19.215,800000,1537232337.18
2025-02-10,000001,平安银行,19.043,19.542,18.927,19.196,800000,1535695104.84
2025-02-11,000001,平安银行,19.024,19.522,18.909,19.177,800000,1534159409.74
2025-02-12,000001,平安银行,19.005,19.503,18.89,19.158,800000,1532625250.33
2025-02-13,000001,平安银行,18.986,19.483,18.871,19.139,800000,1531092625.08
2025-02-14,000001,平安银行,18.967,19.464,18.852,19.12,800000,1529561532.45
2025-02-15,000001,平安银行,18.948,19.444,18.833,19.1,800000,1528031970.92
2025-02-16,000001,平安银行,18.929,19.425,18.814,19.081,800000,1526503938.95
2025-02-17,000001,平安银行,18.91,19.405,18.795,19.062,800000,1524977435.01
2025-02-18,000001,平安银行,18.891,19.386,18.777,19.043,800000,1523452457.57
2025-02-19,000001,平安银行,18.872,19.367,18.758,19.024,800000,1521929005.12
2025-02-20,000001,平安银行,18.853,19.347,18.739,19.005,800000,1520407076.11
2025-02-21,000001,平安银行,18.834,19.328,18.72,18.986,800000,1518886669.03
2025-02-22,000001,平安银行,18.815,19.309,18.702,18.967,800000,1517367782.36
2025-02-23,000001,平安银行,18.797,19.289,18.683,18.948,800000,1515850414.58
2025-02-24,000001,平安银行,18.778,19.27,18.664,18.929,800000,1514334564.17
2025-02-25,000001,平安银行,18.759,19.251,18.646,18.91,800000,1512820229.6
2025-02-26,000001,平安银行,18.74,19.231,18.627,18.891,800000,1511307409.37
2025-02-27,000001,平安银行,18.721,19.212,18.608,18.872,800000,1509796101.96
2025-02-28,000001,平安银行,18.703,19.193,18.59,18.854,800000,1508286305.86
2025-03-01,000001,平安银行,18.684,19.174,18.571,18.835,800000,1506778019.56
2025-03-02,000001,平安银行,18.665,19.155,18.552,18.816,800000,1505271241.54
2025-03-03,000001,平安银行,18.647,19.135,18.534,18.797,800000,1503765970.3
2025-03-04,000001,平安银行,18.628,19.116,18.515,18.778,800000,1502262204.33
2025-03-05,000001,平安银行,18.609,19.097,18.497,18.759,800000,1500759942.12
2025-03-06,000001,平安银行,18.591,19.078,18.478,18.741,800000,1499259182.18
2025-03-07,000001,平安银行,18.572,19.059,18.46,18.722,800000,1497759923.0
2025-03-08,000001,平安银行,18.554,19.04,18.441,18.703,800000,1496262163.07
2025-03-09,000001,平安银行,18.535,19.021,18.423,18.685,800000,1494765900.91
2025-03-10,000001,平安银行,18.517,19.002,18.405,18.666,800000,1493271135.01
2025-03-11,000001,平安银行,18.498,18.983,18.386,18.647,800000,1491777863.88
2025-03-12,000001,平安银行,18.48,18.964,18.368,18.629,800000,1490286086.01
2025-03-13,000001,平安银行,18.461,18.945,18.349,18.61,800000,1488795799.93
2025-03-14,000001,平安银行,18.443,18.926,18.331,18.591,800000,1487307004.13
2025-03-15,000001,平安银行,18.424,18.907,18.313,18.573,800000,1485819697.12
2025-03-16,000001,平安银行,18.406,18.888,18.294,18.554,800000,1484333877.42
2025-03-17,000001,平安银行,18.387,18.869,18.276,18.536,800000,1482849543.55
2025-03-18,000001,平安银行,18.369,18.85,18.258,18.517,800000,1481366694.0
2025-03-19,000001,平安银行,18.351,18.832,18.24,18.499,800000,1479885327.31
2025-03-20,000001,平安银行,18.332,18.813,18.221,18.48,800000,1478405441.98
2025-03-21,000001,平安银行,18.314,18.794,18.203,18.462,800000,1476927036.54
2025-03-22,000001,平安银行,18.296,18.775,18.185,18.443,800000,1475450109.5
2025-03-23,000001,平安银行,18.277,18.756,18.167,18.425,800000,1473974659.39
2025-03-24,000001,平安银行,18.259,18.738,18.149,18.406,800000,1472500684.73
2025-03-25,000001,平安银行,18.241,18.719,18.13,18.388,800000,1471028184.05
2025-03-26,000001,平安银行,18.223,18.7,18.112,18.369,800000,1469557155.87
2025-03-27,000001,平安银行,18.204,18.681,18.094,18.351,800000,1468087598.71
2025-03-28,000001,平安银行,18.186,18.663,18.076,18.333,800000,1466619511.11
2025-03-29,000001,平安银行,18.168,18.644,18.058,18.314,800000,1465152891.6
2025-03-30,000001,平安银行,18.15,18.625,18.04,18.296,800000,1463687738.71
2025-03-31,000001,平安银行,18.132,18.607,18.022,18.278,800000,1462224050.97
2025-04-01,000001,平安银行,18.113,18.588,18.004,18.26,800000,1460761826.92
2025-04-02,000001,平安银行,18.095,18.57,17.986,18.241,800000,1459301065.09
2025-04-03,000001,平安银行,18.077,18.551,17.968,18.223,800000,1457841764.03
2025-04-04,000001,平安银行,18.059,18.532,17.95,18.205,800000,1456383922.26
2025-04-05,000001,平安银行,18.041,18.514,17.932,18.187,800000,1454927538.34
2025-04-06,000001,平安银行,18.023,18.495,17.914,18.168,800000,1453472610.8
2025-04-07,000001,平安银行,18.005,18.477,17.896,18.15,800000,1452019138.19
2025-04-08,000001,平安银行,17.987,18.458,17.878,18.132,800000,1450567119.05
2025-04-09,000001,平安银行,17.969,18.44,17.86,18.114,800000,1449116551.93
2025-04-10,000001,平安银行,17.951,18.422,17.843,18.096,800000,1447667435.38
2025-04-11,000001,平安银行,17.933,18.403,17.825,18.078,800000,1446219767.95
2025-04-12,000001,平安银行,17.915,18.385,17.807,18.06,800000,1444773548.18
2025-04-13,000001,平安银行,17.897,18.366,17.789,18.042,800000,1443328774.63
2025-04-14,000001,平安银行,17.879,18.348,17.771,18.024,800000,1441885445.86
2025-04-15,000001,平安银行,17.862,18.33,17.753,18.006,800000,1440443560.41
2025-04-16,000001,平安银行,17.844,18.311,17.736,17.988,800000,1439003116.85
2025-04-17,000001,平安银行,17.826,18.293,17.718,17.97,800000,1437564113.73
2025-04-18,000001,平安银行,17.808,18.275,17.7,17.952,800000,1436126549.62
2025-04-19,000001,平安银行,17.79,18.256,17.683,17.934,800000,1434690423.07
2025-04-20,000001,平安银行,17.772,18.238,17.665,17.916,800000,1433255732.65
2025-04-21,000001,平安银行,17.755,18.22,17.647,17.898,800000,1431822476.91
2025-04-22,000001,平安银行,17.737,18.202,17.63,17.88,800000,1430390654.44
2025-04-23,000001,平安银行,17.719,18.184,17.612,17.862,800000,1428960263.78
2025-04-24,000001,平安银行,17.701,18.165,17.594,17.844,800000,1427531303.52
2025-04-25,000001,平安银行,17.684,18.147,17.577,17.826,800000,1426103772.21
2025-04-26,000001,平安银行,17.666,18.129,17.559,17.808,800000,1424677668.44
2025-04-27,000001,平安银行,17.648,18.111,17.542,17.791,800000,1423252990.77
2025-04-28,000001,平安银行,17.631,18.093,17.524,17.773,800000,1421829737.78
2025-04-29,000001,平安银行,17.613,18.075,17.507,17.755,800000,1420407908.05
2025-04-30,000001,平安银行,17.595,18.057,17.489,17.737,800000,1418987500.14
2025-05-01,000001,平安银行,17.578,18.039,17.472,17.72,800000,1417568512.64
2025-05-02,000001,平安银行,17.56,18.021,17.454,17.702,800000,1416150944.12
2025-05-03,000001,平安银行,17.543,18.003,17.437,17.684,800000,1414734793.18
2025-05-04,000001,平安银行,17.525,17.984,17.419,17.667,800000,1413320058.39
2025-05-05,000001,平安银行,17.508,17.967,17.402,17.649,800000,1411906738.33
2025-05-06,000001,平安银行,17.49,17.949,17.384,17.631,800000,1410494831.59
2025-05-07,000001,平安银行,17.473,17.931,17.367,17.614,800000,1409084336.76
2025-05-08,000001,平安银行,17.455,17.913,17.35,17.596,800000,1407675252.42
2025-05-09,000001,平安银行,17.438,17.895,17.332,17.578,800000,1406267577.17
2025-05-10,000001,平安银行,17.42,17.877,17.315,17.561,800000,1404861309.59
2025-05-11,000001,平安银行,17.403,17.859,17.298,17.543,800000,1403456448.28
2025-05-12,000001,平安银行,17.385,17.841,17.28,17.526,800000,1402052991.84
2025-05-13,000001,平安银行,17.368,17.823,17.263,17.508,800000,1400650938.84
2025-05-14,000001,平安银行,17.351,17.805,17.246,17.491,800000,1399250287.9
2025-05-15,000001,平安银行,17.333,17.788,17.229,17.473,800000,1397851037.62
2025-05-16,000001,平安银行,17.316,17.77,17.211,17.456,800000,1396453186.58
2025-05-17,000001,平安银行,17.299,17.752,17.194,17.438,800000,1395056733.39
2025-05-18,000001,平安银行,17.281,17.734,17.177,17.421,800000,1393661676.66
2025-05-19,000001,平安银行,17.264,17.717,17.16,17.403,800000,1392268014.98
2025-05-20,000001,平安银行,17.247,17.699,17.143,17.386,800000,1390875746.97
